target,display_name,accuracy,balanced_accuracy,precision_macro,recall_macro,f1_macro,precision_weighted,recall_weighted,f1_weighted,cohen_kappa,mcc,roc_auc_weighted_ovr,log_loss
condition,Mental Health Condition,0.96,0.96,0.9607692307692308,0.96,0.9601920768307324,0.9607692307692308,0.96,0.9601920768307324,0.9466666666666667,0.9467929141389445,0.9949333333333332,0.455843610065641
severity,Severity Level,0.92,0.7977053140096618,0.8680555555555557,0.7977053140096618,0.8244089834515367,0.9170833333333335,0.92,0.9168510638297872,0.8535871156661786,0.8543135623922736,0.9647488937382555,0.3163959076378292
treatment,Recommended Treatment,0.96,0.96,0.9607692307692308,0.96,0.9601920768307323,0.9607692307692308,0.96,0.9601920768307324,0.9466666666666667,0.9467929141389445,0.9970666666666668,0.18800105912333553
