train_size,train_score_mean,train_score_std,validation_score_mean,validation_score_std
53,1.0,0.0,0.7919469473796568,0.024976678080440618
106,0.9793760892864363,0.0291666142402935,0.8258683619805344,0.02084470948600178
159,0.9534174065990507,0.00793639532406377,0.8729455640656311,0.008498207024865815
212,0.9423241234695384,0.005716944704719342,0.9014910187243136,0.00656002754439279
266,0.9435988424921669,0.007736938066028045,0.8941328256276417,0.004298383907681482
