Target,Model,Accuracy,Precision_Macro,Recall_Macro,F1_Macro,Precision_Weighted,Recall_Weighted,F1_Weighted,Training_Time_Seconds
condition,Logistic Regression,0.96,0.9607692307692308,0.96,0.9601920768307324,0.9607692307692308,0.96,0.9601920768307324,0.165
condition,CatBoost,0.93,0.9325828157349896,0.9299999999999999,0.9300715569246566,0.9325828157349896,0.93,0.9300715569246566,2.218
condition,Extra Trees,0.93,0.932129917184265,0.9299999999999999,0.929858971890643,0.9321299171842651,0.93,0.929858971890643,1.204
condition,Random Forest,0.91,0.9108796296296297,0.91,0.9099293563579278,0.9108796296296297,0.91,0.9099293563579277,1.698
condition,LightGBM,0.9,0.9000259000259001,0.9,0.8987717018067456,0.9000259000259001,0.9,0.8987717018067456,20.951
condition,Gradient Boosting,0.89,0.89,0.89,0.89,0.89,0.89,0.89,1.953
condition,Decision Tree,0.79,0.787175697865353,0.79,0.7864895330112721,0.787175697865353,0.79,0.7864895330112722,0.101
