Target,Model,Accuracy,Precision_Macro,Recall_Macro,F1_Macro,Precision_Weighted,Recall_Weighted,F1_Weighted,Training_Time_Seconds
severity,Logistic Regression,0.92,0.8680555555555557,0.7977053140096618,0.8244089834515367,0.9170833333333335,0.92,0.9168510638297872,0.138
severity,LightGBM,0.92,0.7863888888888889,0.7007850241545893,0.7152777777777777,0.9047999999999999,0.92,0.9066666666666666,0.668
severity,CatBoost,0.92,0.9463945578231292,0.7007850241545893,0.7238177057764686,0.9252081632653061,0.92,0.9039641629847814,1.263
severity,Gradient Boosting,0.87,0.7532332081768877,0.6654589371980676,0.6807650569723277,0.8581852315394244,0.87,0.8579820944112859,0.94
severity,Extra Trees,0.87,0.5887392900856793,0.6177536231884058,0.5989544436146378,0.8319951040391678,0.87,0.8450186706497385,1.076
severity,Random Forest,0.87,0.5851851851851851,0.6174516908212561,0.5986727705028567,0.8266666666666667,0.87,0.8446630469498563,1.692
severity,Decision Tree,0.84,0.6488179669030733,0.6437198067632851,0.6457315086347345,0.8337021276595745,0.84,0.8367155425219943,0.059
