Target,Model,Accuracy,Precision_Macro,Recall_Macro,F1_Macro,Precision_Weighted,Recall_Weighted,F1_Weighted,Training_Time_Seconds
treatment,Logistic Regression,0.97,0.9703525641025642,0.97,0.9699879951980793,0.9703525641025641,0.97,0.9699879951980793,0.081
treatment,Extra Trees,0.95,0.9522222222222222,0.95,0.9503525641025641,0.9522222222222223,0.95,0.9503525641025642,1.049
treatment,LightGBM,0.91,0.9096989966555183,0.91,0.9093137254901961,0.9096989966555183,0.91,0.9093137254901962,0.96
treatment,CatBoost,0.9,0.900462962962963,0.8999999999999999,0.8997252747252747,0.900462962962963,0.9,0.8997252747252747,1.123
treatment,Gradient Boosting,0.89,0.8900462962962963,0.89,0.8895211930926217,0.8900462962962963,0.89,0.8895211930926216,1.272
treatment,Random Forest,0.88,0.8811512561512562,0.88,0.8793523956227336,0.8811512561512561,0.88,0.8793523956227335,1.561
treatment,Decision Tree,0.84,0.8439592017178223,0.84,0.8392666245242058,0.8439592017178225,0.84,0.8392666245242058,0.072
